model,feature,importance_type,importance,importance_std
Extra Trees,f_052,model_builtin,0.05712663275010037,
Extra Trees,f_054,permutation_auprc_drop,0.04484260613316782,0.008546908447438679
Extra Trees,f_051,permutation_auprc_drop,0.04397161769465313,0.008740578924721814
Extra Trees,f_054,model_builtin,0.040260738704286474,
Extra Trees,f_051,model_builtin,0.03012856271359883,
Extra Trees,f_020,model_builtin,0.026361934504642203,
Extra Trees,f_052,permutation_auprc_drop,0.02193767056568454,0.005611918302026596
Extra Trees,f_088,model_builtin,0.02175404548681827,
Extra Trees,f_089,model_builtin,0.02103183912503508,
Extra Trees,f_019,model_builtin,0.02072159238988867,
Extra Trees,f_158,model_builtin,0.018911125551914296,
Extra Trees,f_139,model_builtin,0.017687402533512427,
Extra Trees,f_157,model_builtin,0.01762721950863973,
Extra Trees,f_012,model_builtin,0.016709223620918166,
Extra Trees,f_068,model_builtin,0.016524025386778014,
Extra Trees,f_061,model_builtin,0.015745399526373334,
Extra Trees,f_092,model_builtin,0.015637830938076455,
Extra Trees,f_067,model_builtin,0.01514970530167762,
Extra Trees,f_080,model_builtin,0.01463866760834865,
Extra Trees,f_140,model_builtin,0.014375412752353772,
Extra Trees,f_062,model_builtin,0.014069236581722929,
Extra Trees,f_091,model_builtin,0.014036973919615267,
Extra Trees,f_079,model_builtin,0.013946780783494084,
Extra Trees,f_011,model_builtin,0.01290694914997963,
Extra Trees,f_149,model_builtin,0.012723917554250043,
Extra Trees,f_133,model_builtin,0.012576795723847256,
Extra Trees,f_149,permutation_auprc_drop,0.011610933253107603,0.0023689898234909184
Extra Trees,f_113,model_builtin,0.011394504969955374,
Extra Trees,f_032,model_builtin,0.011250934326233019,
Extra Trees,f_134,model_builtin,0.011179677978966745,
Extra Trees,f_053,model_builtin,0.01069384448574975,
Extra Trees,f_055,model_builtin,0.010442950489410529,
Extra Trees,f_159,permutation_auprc_drop,0.010246443131191264,0.002469229518820717
Extra Trees,f_074,model_builtin,0.009736465861836028,
Extra Trees,f_026,model_builtin,0.009644850430201482,
Extra Trees,f_100,model_builtin,0.009378465723569407,
Extra Trees,f_031,model_builtin,0.009275316760518869,
Extra Trees,f_073,model_builtin,0.009088444577172432,
Extra Trees,f_025,model_builtin,0.009071184976290291,
Extra Trees,f_159,model_builtin,0.009004272915412434,
Extra Trees,f_086,model_builtin,0.008794959812542661,
Extra Trees,f_085,model_builtin,0.008745991730310208,
Extra Trees,f_098,model_builtin,0.008278427733058154,
Extra Trees,f_097,model_builtin,0.008042424819049324,
Extra Trees,f_152,model_builtin,0.007926434830170038,
Extra Trees,f_056,model_builtin,0.00791219454410905,
Extra Trees,f_102,model_builtin,0.007717267391712541,
Extra Trees,f_048,model_builtin,0.00764165476988255,
Extra Trees,f_151,model_builtin,0.0074500076800732345,
Extra Trees,f_082,model_builtin,0.007399266968980091,
Extra Trees,f_145,model_builtin,0.007232976592017601,
Extra Trees,f_045,model_builtin,0.007178085519263679,
Extra Trees,f_039,model_builtin,0.006856097014531203,
Extra Trees,f_046,model_builtin,0.006718186581464993,
Extra Trees,f_080,permutation_auprc_drop,0.006604687181013568,0.0019371643250591568
Extra Trees,f_083,model_builtin,0.006463539805367292,
Extra Trees,f_002,model_builtin,0.006393175826540057,
Extra Trees,f_099,model_builtin,0.006370239961821264,
Extra Trees,f_146,model_builtin,0.006246137205299107,
Extra Trees,f_040,model_builtin,0.006174706508905717,
Extra Trees,f_135,model_builtin,0.006164736526641433,
Extra Trees,f_163,model_builtin,0.0061306966217801765,
Extra Trees,f_164,model_builtin,0.00610563863154764,
Extra Trees,f_064,model_builtin,0.006089365439408402,
Extra Trees,f_050,model_builtin,0.006016129345573321,
Extra Trees,f_138,model_builtin,0.005978916439863278,
Extra Trees,f_090,model_builtin,0.005915969207837684,
Extra Trees,f_058,model_builtin,0.005866247213782607,
Extra Trees,f_049,model_builtin,0.005795611911047782,
Extra Trees,f_079,permutation_auprc_drop,0.005780807751904338,0.002005366695642234
Extra Trees,f_084,model_builtin,0.005671930397421707,
Extra Trees,f_111,model_builtin,0.005473437637417856,
Extra Trees,f_043,model_builtin,0.005466731132025402,
Extra Trees,f_001,model_builtin,0.005404862962488481,
Extra Trees,f_076,model_builtin,0.005347549501224159,
Extra Trees,f_155,model_builtin,0.0053014706177449125,
Extra Trees,f_103,model_builtin,0.005219089262310235,
Extra Trees,f_002,permutation_auprc_drop,0.005178329131702653,0.00039606382331902205
Extra Trees,f_078,model_builtin,0.00513953440021416,
Extra Trees,f_104,model_builtin,0.00508379238706172,
Extra Trees,f_077,model_builtin,0.005064160093856073,
Extra Trees,f_042,model_builtin,0.0049889825961928185,
Extra Trees,f_153,model_builtin,0.0049841200934771495,
Extra Trees,f_147,model_builtin,0.004917483787505891,
Extra Trees,f_066,model_builtin,0.00486537443711536,
Extra Trees,f_112,model_builtin,0.004862565945565899,
Extra Trees,f_020,permutation_auprc_drop,0.004799502034597991,0.001113731293030109
Extra Trees,f_136,model_builtin,0.004515135325899394,
Extra Trees,f_060,model_builtin,0.004491205700195776,
Extra Trees,f_044,model_builtin,0.004150359221004296,
Extra Trees,f_154,model_builtin,0.003968768788470595,
Extra Trees,f_059,model_builtin,0.003956525984645329,
Extra Trees,f_092,permutation_auprc_drop,0.003821870371105096,0.0006956516620045755
Extra Trees,f_114,model_builtin,0.003821030484749489,
Extra Trees,f_124,model_builtin,0.003774163489588914,
Extra Trees,f_158,permutation_auprc_drop,0.0036142020742777614,0.0012828167489524083
Extra Trees,f_019,permutation_auprc_drop,0.0035889138528654605,0.0012428462791562614
Extra Trees,f_061,permutation_auprc_drop,0.0033815232576806407,0.002065718457492094
Extra Trees,f_141,model_builtin,0.003305446659067458,
Extra Trees,f_028,model_builtin,0.003293290250083496,
Extra Trees,f_022,model_builtin,0.0032806586303244715,
Extra Trees,f_134,permutation_auprc_drop,0.003260671564098494,0.0010263348916544693
Extra Trees,f_089,permutation_auprc_drop,0.003244403186719791,0.001649815690177787
Extra Trees,f_157,permutation_auprc_drop,0.00320817190721977,0.0014677927483424974
Extra Trees,f_147,permutation_auprc_drop,0.0031674432980479893,0.000438692045252016
Extra Trees,f_150,model_builtin,0.003129550935116624,
Extra Trees,f_091,permutation_auprc_drop,0.003071670797739223,0.0009341148839161305
Extra Trees,f_106,model_builtin,0.0030330132173865655,
Extra Trees,f_126,model_builtin,0.00293586203171837,
Extra Trees,f_062,permutation_auprc_drop,0.0028712892404973876,0.0007939150182419137
Extra Trees,f_148,model_builtin,0.002835937724796242,
Extra Trees,f_086,permutation_auprc_drop,0.002832143776605034,0.0007623756018538804
Extra Trees,f_151,permutation_auprc_drop,0.002828342611437351,0.0013664049230362669
Extra Trees,f_156,model_builtin,0.002813694168045545,
Extra Trees,f_109,model_builtin,0.0028082410908552777,
Extra Trees,f_065,model_builtin,0.0028038125562017215,
Extra Trees,f_088,permutation_auprc_drop,0.002795480336312972,0.000812880385347206
Extra Trees,f_087,model_builtin,0.002779754332538379,
Extra Trees,f_110,model_builtin,0.0027305571079955806,
Extra Trees,f_152,permutation_auprc_drop,0.002700814001909613,0.0011728992454314877
Extra Trees,f_128,model_builtin,0.0026598230219035584,
Extra Trees,f_121,model_builtin,0.002632656231586954,
Extra Trees,f_133,permutation_auprc_drop,0.0025598194055454714,0.00104612892330774
Extra Trees,f_105,model_builtin,0.002538130517841159,
Extra Trees,f_048,permutation_auprc_drop,0.002490111945688134,0.0014074721336467396
Extra Trees,f_030,model_builtin,0.0024054263670023174,
Extra Trees,f_139,permutation_auprc_drop,0.00240101952581081,0.0005826102021351283
Extra Trees,f_027,model_builtin,0.002380272864070356,
Extra Trees,f_024,model_builtin,0.002362664005030214,
Extra Trees,f_143,model_builtin,0.002354338706689887,
Extra Trees,f_123,model_builtin,0.0023499554488714417,
Extra Trees,f_085,permutation_auprc_drop,0.002312908062938923,0.0008137777247459282
Extra Trees,f_108,model_builtin,0.0022489477824027397,
Extra Trees,f_039,permutation_auprc_drop,0.002114977976271548,0.001209014998644339
Extra Trees,f_127,model_builtin,0.002101314625683517,
Extra Trees,f_042,permutation_auprc_drop,0.0020601233441317813,0.00113662135221202
Extra Trees,f_164,permutation_auprc_drop,0.0020575079905491233,0.00038290366927068236
Extra Trees,f_142,model_builtin,0.0020486882908156458,
Extra Trees,f_144,model_builtin,0.002023469198804326,
Extra Trees,f_013,model_builtin,0.002004997106029315,
Extra Trees,f_163,permutation_auprc_drop,0.0019706542506195634,0.0007263583195186272
Extra Trees,f_122,model_builtin,0.0018507380635577528,
Extra Trees,f_113,permutation_auprc_drop,0.001785065111649109,0.0005220818974536462
Extra Trees,f_012,permutation_auprc_drop,0.0017765771223704375,0.0009380944080303841
Extra Trees,f_004,model_builtin,0.0017576385254196997,
Extra Trees,f_046,permutation_auprc_drop,0.0017257488506226882,0.0011306578977717699
Extra Trees,f_103,permutation_auprc_drop,0.0017179932814103238,0.00031658919872102026
Extra Trees,f_021,model_builtin,0.001713615294430276,
Extra Trees,f_162,model_builtin,0.001698794336561695,
Extra Trees,f_116,model_builtin,0.0016628124241954486,
Extra Trees,f_137,model_builtin,0.001631506045293296,
Extra Trees,f_140,permutation_auprc_drop,0.0016211843648304414,0.0008427419699066052
Extra Trees,f_119,model_builtin,0.0015157564646317964,
Extra Trees,f_104,permutation_auprc_drop,0.0015050518897875454,0.0002592189470659296
Extra Trees,f_010,model_builtin,0.0014861812056213286,
Extra Trees,f_007,model_builtin,0.0014845839360676228,
Extra Trees,f_150,permutation_auprc_drop,0.0014628698333945978,0.000263935001749812
Extra Trees,f_000,model_builtin,0.001458942655340666,
Extra Trees,f_115,model_builtin,0.001452537388619021,
Extra Trees,f_055,permutation_auprc_drop,0.0014410305335287976,0.0004105266584306874
Extra Trees,f_017,permutation_auprc_drop,0.0014307239266321604,0.0002129339467860937
Extra Trees,f_045,permutation_auprc_drop,0.0013998864348283902,0.0010797959889327898
Extra Trees,f_005,model_builtin,0.0013810990611319526,
Extra Trees,f_094,model_builtin,0.0013657605339714189,
Extra Trees,f_063,model_builtin,0.0013647211954493123,
Extra Trees,f_018,model_builtin,0.0013636485150766299,
Extra Trees,f_000,permutation_auprc_drop,0.0013535689074330448,0.00017642157741909836
Extra Trees,f_008,model_builtin,0.0013342614489553397,
Extra Trees,f_057,model_builtin,0.0013283848102916731,
Extra Trees,f_129,model_builtin,0.0013193267667179424,
Extra Trees,f_017,model_builtin,0.001304554456397924,
Extra Trees,f_068,permutation_auprc_drop,0.001300606748248756,0.001902695028386251
Extra Trees,f_016,model_builtin,0.0012954252730868704,
Extra Trees,f_016,permutation_auprc_drop,0.0012942313188621158,0.0002405277051137731
Extra Trees,f_153,permutation_auprc_drop,0.0012483410912112914,0.0002927245668452911
Extra Trees,f_003,model_builtin,0.0012245082791657853,
Extra Trees,f_098,permutation_auprc_drop,0.0012210638635478,0.000375547025344109
Extra Trees,f_161,model_builtin,0.0012015547618319153,
Extra Trees,f_160,model_builtin,0.0011886691707295792,
Extra Trees,f_011,permutation_auprc_drop,0.0011667718212621137,0.0006841138699951153
Extra Trees,f_008,permutation_auprc_drop,0.0011566723634415465,0.00021523633174810907
Extra Trees,f_124,permutation_auprc_drop,0.0011347574317470022,0.0005326656174461824
Extra Trees,f_118,model_builtin,0.0011183381088824224,
Extra Trees,f_120,model_builtin,0.0010997725307868922,
Extra Trees,f_107,model_builtin,0.0010939243683566985,
Extra Trees,f_056,permutation_auprc_drop,0.0010789086150909677,0.00038603304230312583
Extra Trees,f_130,model_builtin,0.001078045598410609,
Extra Trees,f_141,permutation_auprc_drop,0.0010494398756093815,0.0002952865057035357
Extra Trees,f_160,permutation_auprc_drop,0.0010296858476988135,0.00045636164068608916
Extra Trees,f_132,model_builtin,0.0010231036159488419,
Extra Trees,f_131,model_builtin,0.001009986350814714,
Extra Trees,f_026,permutation_auprc_drop,0.0010014914036187595,0.00047949633024480046
Extra Trees,f_081,model_builtin,0.000999412844275896,
Extra Trees,f_123,permutation_auprc_drop,0.000985245120771383,0.0005249709080936303
Extra Trees,f_015,model_builtin,0.0009661966994093254,
Extra Trees,f_040,permutation_auprc_drop,0.0009591389122838745,0.0010595227378533073
Extra Trees,f_018,permutation_auprc_drop,0.0009220592363121116,0.00015865657936407383
Extra Trees,f_095,model_builtin,0.0009190010106017919,
Extra Trees,f_162,permutation_auprc_drop,0.0008936198070139345,0.0004912933546161706
Extra Trees,f_126,permutation_auprc_drop,0.0008494644064665046,0.0004241769755129163
Extra Trees,f_010,permutation_auprc_drop,0.0008412843502773937,0.0002710007432112133
Extra Trees,f_082,permutation_auprc_drop,0.0008404048137207298,0.0004315695564175725
Extra Trees,f_075,model_builtin,0.0008342451396669221,
Extra Trees,f_096,model_builtin,0.0008266043279418726,
Extra Trees,f_111,permutation_auprc_drop,0.0008203332317473832,0.0004923791245158738
Extra Trees,f_032,permutation_auprc_drop,0.0008155584440789343,0.0004561997587410957
Extra Trees,f_041,model_builtin,0.00081062485118385,
Extra Trees,f_078,permutation_auprc_drop,0.0007828461329769887,0.0004058343211464148
Extra Trees,f_076,permutation_auprc_drop,0.0007543489986896246,0.00028710173923696564
Extra Trees,f_122,permutation_auprc_drop,0.0007462654650738255,0.00031643796280963316
Extra Trees,f_114,permutation_auprc_drop,0.0007442694312414511,0.0003491393083638916
Extra Trees,f_093,model_builtin,0.000738117579545948,
Extra Trees,f_047,model_builtin,0.0007378854029426349,
Extra Trees,f_112,permutation_auprc_drop,0.0007186548212710809,0.00046333177290656626
Extra Trees,f_059,permutation_auprc_drop,0.0006897293223367962,0.0003100585840800875
Extra Trees,f_065,permutation_auprc_drop,0.0006751303921573637,0.0002958579523341644
Extra Trees,f_117,model_builtin,0.0006637672897768271,
Extra Trees,f_115,permutation_auprc_drop,0.0006535215748421197,0.00023508331607742088
Extra Trees,f_064,permutation_auprc_drop,0.0006510498600751147,0.00037378207502599087
Extra Trees,f_058,permutation_auprc_drop,0.0006372020916250665,0.00033591461242410967
Extra Trees,f_066,permutation_auprc_drop,0.0006167649562353161,0.000264024630695691
Extra Trees,f_127,permutation_auprc_drop,0.0006151421549743796,0.00011625284035221575
Extra Trees,f_148,permutation_auprc_drop,0.000611200546931212,0.00021863290645004446
Extra Trees,f_090,permutation_auprc_drop,0.0006104366417595708,0.0005271309872678596
Extra Trees,f_077,permutation_auprc_drop,0.0006076280361913877,0.0003436181335591056
Extra Trees,f_125,model_builtin,0.0006054571142012862,
Extra Trees,f_071,model_builtin,0.0005628187557875131,
Extra Trees,f_007,permutation_auprc_drop,0.000556638013082611,0.00015868892496322058
Extra Trees,f_072,model_builtin,0.000553280244598477,
Extra Trees,f_145,permutation_auprc_drop,0.0005471522126532013,0.0006043525992139005
Extra Trees,f_009,model_builtin,0.0005457441058169411,
Extra Trees,f_132,permutation_auprc_drop,0.0005191135433446181,0.0002685387436292254
Extra Trees,f_121,permutation_auprc_drop,0.000518136575703132,0.00020319040162257418
Extra Trees,f_101,model_builtin,0.0005071054456930682,
Extra Trees,f_038,model_builtin,0.000493127197356974,
Extra Trees,f_070,model_builtin,0.0004931016594195308,
Extra Trees,f_067,permutation_auprc_drop,0.00048234972611482796,0.0008860412557390857
Extra Trees,f_116,permutation_auprc_drop,0.00046669772589721383,0.00015120372377474818
Extra Trees,f_083,permutation_auprc_drop,0.000465735698069436,0.0004072933507678702
Extra Trees,f_107,permutation_auprc_drop,0.0004550567584907572,0.00025447087304625293
Extra Trees,f_004,permutation_auprc_drop,0.0004451957870171275,0.00041842414941317175
Extra Trees,f_029,model_builtin,0.00042357209632757454,
Extra Trees,f_024,permutation_auprc_drop,0.0004176882711285468,0.0002932845562847114
Extra Trees,f_120,permutation_auprc_drop,0.0004028767167859826,0.00020353946548207525
Extra Trees,f_128,permutation_auprc_drop,0.0003978641849863851,0.00018172001036469482
Extra Trees,f_030,permutation_auprc_drop,0.0003969619190913987,0.00026635215629628193
Extra Trees,f_036,model_builtin,0.0003945210901981223,
Extra Trees,f_146,permutation_auprc_drop,0.0003751510518228085,0.000454170203222892
Extra Trees,f_119,permutation_auprc_drop,0.00037085238760717896,0.00018386231636718733
Extra Trees,f_021,permutation_auprc_drop,0.0003675763352270378,0.0002607900858154163
Extra Trees,f_060,permutation_auprc_drop,0.0003432171805840767,0.00029670177661547036
Extra Trees,f_015,permutation_auprc_drop,0.0003073416862903189,0.0001176783499089333
Extra Trees,f_023,model_builtin,0.00030712317143029614,
Extra Trees,f_101,permutation_auprc_drop,0.00029139172340293397,6.801733582272153e-05
Extra Trees,f_095,permutation_auprc_drop,0.0002772973785249988,0.00022212906818767415
Extra Trees,f_028,permutation_auprc_drop,0.0002735227511157734,0.00037464388784370787
Extra Trees,f_161,permutation_auprc_drop,0.0002707959457743381,0.0003682487297615593
Extra Trees,f_034,model_builtin,0.0002610718453461904,
Extra Trees,f_057,permutation_auprc_drop,0.0002570663185147426,0.0001374721737381096
Extra Trees,f_129,permutation_auprc_drop,0.0002546560566866307,0.00012816924514601904
Extra Trees,f_022,permutation_auprc_drop,0.0002286720319607971,0.0002809432723162276
Extra Trees,f_027,permutation_auprc_drop,0.0002244897338291807,0.0003042709636477565
Extra Trees,f_136,permutation_auprc_drop,0.00019697976243309155,0.0001517908800141787
Extra Trees,f_037,model_builtin,0.00019567967138756645,
Extra Trees,f_075,permutation_auprc_drop,0.00019031531443169936,2.593071595743146e-05
Extra Trees,f_033,model_builtin,0.00018901537552265578,
Extra Trees,f_034,permutation_auprc_drop,0.00018343188741152261,6.587870409277162e-05
Extra Trees,f_117,permutation_auprc_drop,0.00017610149342635052,0.0001380362186057989
Extra Trees,f_006,model_builtin,0.00016709222447642836,
Extra Trees,f_035,model_builtin,0.00014944442748331398,
Extra Trees,f_025,permutation_auprc_drop,0.0001448863179401294,0.00046372468810778066
Extra Trees,f_130,permutation_auprc_drop,0.00014357203821239173,0.00017343096232342193
Extra Trees,f_118,permutation_auprc_drop,0.00014084322659936311,0.00027482342809215227
Extra Trees,f_029,permutation_auprc_drop,0.00013603233974732732,0.0001814167325372628
Extra Trees,f_097,permutation_auprc_drop,0.00011846710867204901,0.0003238872937006604
Extra Trees,f_106,permutation_auprc_drop,0.00011457782769064284,0.0007015579799984872
Extra Trees,f_063,permutation_auprc_drop,0.00011334486782631492,0.00020688271956015772
Extra Trees,f_005,permutation_auprc_drop,0.00010879110148730442,0.00026917462017641707
Extra Trees,f_108,permutation_auprc_drop,0.00010371670242196319,0.0006077893554196946
Extra Trees,f_138,permutation_auprc_drop,0.0001015882729537787,4.0271593063012234e-05
Extra Trees,f_069,model_builtin,0.00010100988304968322,
Extra Trees,f_003,permutation_auprc_drop,5.6836925531478236e-05,0.00013362541964440655
Extra Trees,f_038,permutation_auprc_drop,5.480390910602706e-05,9.467338225315704e-05
Extra Trees,f_033,permutation_auprc_drop,5.3983554286951564e-05,7.968340375085216e-05
Extra Trees,f_009,permutation_auprc_drop,5.27793789479869e-05,0.00015406118280645044
Extra Trees,f_131,permutation_auprc_drop,3.243712501993512e-05,0.0002387999486367948
Extra Trees,f_137,permutation_auprc_drop,3.0243661118545263e-05,0.0002607669698445315
Extra Trees,f_099,permutation_auprc_drop,2.8907357393792576e-05,8.960332576872585e-05
Extra Trees,f_125,permutation_auprc_drop,2.3121599868414223e-05,0.00015598168559227183
Extra Trees,f_144,permutation_auprc_drop,1.2029090365561767e-05,0.00023911073669160616
Extra Trees,f_037,permutation_auprc_drop,9.03227917303795e-06,5.2168198825477274e-05
Extra Trees,f_014,model_builtin,8.349902332628159e-15,
Extra Trees,f_014,permutation_auprc_drop,-1.412067746064949e-07,3.8125716625770565e-07
Extra Trees,f_135,permutation_auprc_drop,-1.352384884656388e-06,3.2053355702128764e-06
Extra Trees,f_100,permutation_auprc_drop,-2.126379574063364e-06,5.25968195681343e-06
Extra Trees,f_102,permutation_auprc_drop,-6.109879822102648e-06,9.411302698328097e-06
Extra Trees,f_035,permutation_auprc_drop,-7.036532915993821e-06,5.872082307131257e-05
Extra Trees,f_069,permutation_auprc_drop,-8.9059115712109e-06,8.063261089463077e-06
Extra Trees,f_006,permutation_auprc_drop,-1.7984957291350413e-05,3.5746517938214384e-05
Extra Trees,f_081,permutation_auprc_drop,-3.048969768438825e-05,7.33006678569711e-05
Extra Trees,f_023,permutation_auprc_drop,-4.052209051309541e-05,0.0001414029591133174
Extra Trees,f_013,permutation_auprc_drop,-5.3842508561974255e-05,0.00027895607799197113
Extra Trees,f_041,permutation_auprc_drop,-7.791222273090259e-05,0.0002759481913822497
Extra Trees,f_036,permutation_auprc_drop,-0.00010855239008291661,0.0001513721892296001
Extra Trees,f_093,permutation_auprc_drop,-0.0001116279767941708,7.301518106066192e-05
Extra Trees,f_001,permutation_auprc_drop,-0.00011230026636290801,0.00034361445560688973
Extra Trees,f_074,permutation_auprc_drop,-0.00013017530596198812,0.0004851675791366633
Extra Trees,f_073,permutation_auprc_drop,-0.00013836775718115702,0.0006591486451796066
Extra Trees,f_094,permutation_auprc_drop,-0.00014216401749652662,0.00021674371580099794
Extra Trees,f_047,permutation_auprc_drop,-0.00014967128254664842,0.00023541354591789562
Extra Trees,f_109,permutation_auprc_drop,-0.0001535844982254564,0.00020740282345739372
Extra Trees,f_084,permutation_auprc_drop,-0.00016510618117516752,0.0004062032606137124
Extra Trees,f_155,permutation_auprc_drop,-0.00017644967627036267,0.0006142918803352328
Extra Trees,f_071,permutation_auprc_drop,-0.0001956986526966964,0.0002623139588506097
Extra Trees,f_072,permutation_auprc_drop,-0.00020524645254034192,0.0003462896365954877
Extra Trees,f_050,permutation_auprc_drop,-0.0002107071663146387,0.00032384030452762424
Extra Trees,f_070,permutation_auprc_drop,-0.00021634038666459298,0.0001831536848425896
Extra Trees,f_096,permutation_auprc_drop,-0.00022202185819316655,0.00015943117246400767
Extra Trees,f_087,permutation_auprc_drop,-0.0002222460426780426,0.00013433470641196604
Extra Trees,f_031,permutation_auprc_drop,-0.0002594730172466475,0.00040408464046386594
Extra Trees,f_110,permutation_auprc_drop,-0.00026356545933970966,0.00035803168896645954
Extra Trees,f_053,permutation_auprc_drop,-0.0003426652990651924,0.0009232439949395578
Extra Trees,f_142,permutation_auprc_drop,-0.00040019524324125255,0.0004842912922926785
Extra Trees,f_105,permutation_auprc_drop,-0.0006046941178197041,0.0004169735728441119
Extra Trees,f_143,permutation_auprc_drop,-0.0009251418739012363,0.000395471927721774
Extra Trees,f_043,permutation_auprc_drop,-0.0010412930436482725,0.0003756126007573836
Extra Trees,f_154,permutation_auprc_drop,-0.0010795258926946216,0.0006253301024492962
Extra Trees,f_049,permutation_auprc_drop,-0.0011474368233516108,0.0003207580082294214
Extra Trees,f_044,permutation_auprc_drop,-0.001180324679364597,0.000510930031588841
Extra Trees,f_156,permutation_auprc_drop,-0.0015738278837012954,0.0003649936205506006
